{
  "ciede2000_summary": {
    "gpt-4o": {
      "mean": 2.51080760366851,
      "median": 1.9568623188013103,
      "max": 12.24418435452347,
      "n": 120
    },
    "claude-3.5-sonnet": {
      "mean": 3.161670193548384,
      "median": 2.952494291026909,
      "max": 16.360196033042726,
      "n": 120
    },
    "claude-sonnet-4": {
      "mean": 3.3287261984556014,
      "median": 3.1387467870861387,
      "max": 16.360196033042726,
      "n": 120
    },
    "llava-7b": {
      "mean": 24.62950232689238,
      "median": 25.46988656955907,
      "max": 100.00000386666865,
      "n": 93
    }
  },
  "kruskal_wallis_H": 110.14848407706836
}